algorithm,cols,obstacleRate,n,pathLength,nodesExpanded,maxFrontier
BFS,10,0,100,6.53,49.45,11.91
DFS,10,0,100,52.57,54.63,54.05
BFS,10,25,100,6.79,49.43,12.09
DFS,10,25,100,44.65,53.25,47.5
BFS,10,50,100,7.93,50.54,11.48
DFS,10,50,100,40.91,55.64,45.62
BFS,10,75,100,10.53,47.31,8.81
DFS,10,75,100,33.87,50.97,39.27
BFS,10,90,100,18.37,49.86,6.22
DFS,10,90,100,32.27,50.29,39.08
BFS,10,100,100,37.37,50.48,2.66
DFS,10,100,100,37.37,48.67,41.71
BFS,20,0,100,13.15,190.82,21.56
DFS,20,0,100,198.17,203.32,201.28
BFS,20,25,100,13.53,190.87,22.0
DFS,20,25,100,169.85,212.74,187.52
BFS,20,50,100,14.67,189.34,22.11
DFS,20,50,100,140.85,197.38,154.71
BFS,20,75,100,19.13,188.6,19.55
DFS,20,75,100,113.25,189.19,130.55
BFS,20,90,100,31.27,190.9,14.05
DFS,20,90,100,103.75,186.93,119.53
BFS,20,100,100,129.47,201.26,4.25
DFS,20,100,100,129.47,190.2,144.58
BFS,50,0,100,29.33,1108.58,51.93
DFS,50,0,100,1223.45,1245.65,1238.93
BFS,50,25,100,29.75,1109.0,53.72
DFS,50,25,100,1011.25,1232.15,1086.45
BFS,50,50,100,31.27,1099.32,54.18
DFS,50,50,100,860.65,1202.39,927.71
BFS,50,75,100,37.61,1087.41,50.23
DFS,50,75,100,663.19,1183.58,743.16
BFS,50,90,100,59.97,1146.27,38.24
DFS,50,90,100,524.97,1241.03,629.66
BFS,50,100,100,570.11,1064.52,7.17
DFS,50,100,100,570.11,1166.9,706.5
BFS,100,0,100,69.05,5278.7,109.41
DFS,100,0,100,4998.41,5012.44,4999.84
BFS,100,25,100,69.97,5305.11,114.12
DFS,100,25,100,4067.57,5072.57,4501.55
BFS,100,50,100,72.13,5270.93,115.99
DFS,100,50,100,3437.81,5155.58,3946.9
BFS,100,75,100,82.83,5218.7,109.64
DFS,100,75,100,2441.17,4757.31,2856.89
BFS,100,90,100,119.53,5168.45,87.96
DFS,100,90,100,1834.99,4745.54,2270.48
BFS,100,100,100,2082.39,4533.31,10.51
DFS,100,100,100,2082.39,4864.77,2618.13
BFS,200,0,100,130.02,19339.8,216.11
DFS,200,0,100,18325.56,18353.7,18326.56
BFS,200,25,100,130.98,19307.95,222.94
DFS,200,25,100,15366.38,18914.16,17048.84
BFS,200,50,100,134.78,19254.71,226.13
DFS,200,50,100,12829.02,18078.92,14260.3
BFS,200,75,100,150.56,19025.69,216.31
DFS,200,75,100,9075.06,18945.91,11185.85
BFS,200,90,100,207.64,19199.91,173.61
DFS,200,90,100,6365.14,19903.17,8481.33
BFS,200,100,100,7208.62,19183.58,16.37
DFS,200,100,100,7208.62,20626.17,9381.73
BFS,500,0,100,345.98,126689.04,526.56
DFS,500,0,100,113202.2,113254.08,113203.2
BFS,500,25,100,347.64,126508.28,543.25
DFS,500,25,100,94991.24,116578.27,105652.52
BFS,500,50,100,353.92,125571.9,549.27
DFS,500,50,100,79181.16,117586.39,92401.26
BFS,500,75,100,387.3,123953.23,519.59
DFS,500,75,100,55058.94,134967.92,77810.59
BFS,500,90,100,506.38,122670.25,423.2
DFS,500,90,100,34293.16,121970.82,46054.94
BFS,500,100,100,38085.66,129773.81,26.49
DFS,500,100,100,38085.66,125137.84,47079.83
