algorithm,cols,obstacleRate,maxCost,n,pathLength,nodesExpanded,maxFrontier,timeMs,pathCost
BFS,10,0,5,100,6.53,49.45,11.91,0.0,20.0
DFS,10,0,5,100,52.57,54.63,54.05,0.0,157.68
BFS,10,25,5,100,6.79,49.43,12.09,0.01,20.34
DFS,10,25,5,100,44.65,53.25,47.5,0.01,134.45
BFS,10,50,5,100,7.93,50.54,11.48,0.0,23.78
DFS,10,50,5,100,40.91,55.64,45.62,0.0,122.72
BFS,10,75,5,100,10.53,47.31,8.81,0.0,31.64
DFS,10,75,5,100,33.87,50.97,39.27,0.0,101.64
BFS,10,100,5,100,37.37,50.48,2.66,0.0,112.34
DFS,10,100,5,100,37.37,48.67,41.71,0.01,112.34
BFS,20,0,5,100,13.15,190.82,21.56,0.0,38.82
DFS,20,0,5,100,198.17,203.32,201.28,0.03,593.19
BFS,20,25,5,100,13.53,190.87,22.0,0.02,40.36
DFS,20,25,5,100,169.85,212.74,187.52,0.01,509.45
BFS,20,50,5,100,14.67,189.34,22.11,0.0,42.77
DFS,20,50,5,100,140.85,197.38,154.71,0.0,422.4
BFS,20,75,5,100,19.13,188.6,19.55,0.01,56.58
DFS,20,75,5,100,113.25,189.19,130.55,0.01,341.42
BFS,20,100,5,100,129.47,201.26,4.25,0.03,386.85
DFS,20,100,5,100,129.47,190.2,144.58,0.05,386.85
BFS,50,0,5,100,29.33,1108.58,51.93,0.05,88.28
DFS,50,0,5,100,1223.45,1245.65,1238.93,0.1,3660.61
BFS,50,25,5,100,29.75,1109.0,53.72,0.06,90.18
DFS,50,25,5,100,1011.25,1232.15,1086.45,0.17,3022.34
BFS,50,50,5,100,31.27,1099.32,54.18,0.15,95.74
DFS,50,50,5,100,860.65,1202.39,927.71,0.14,2571.99
BFS,50,75,5,100,37.61,1087.41,50.23,0.09,115.05
DFS,50,75,5,100,663.19,1183.58,743.16,0.15,1983.43
BFS,50,100,5,100,570.11,1064.52,7.17,0.08,1710.37
DFS,50,100,5,100,570.11,1166.9,706.5,0.17,1710.37
BFS,100,0,5,100,69.05,5278.7,109.41,0.41,208.03
DFS,100,0,5,100,4998.41,5012.44,4999.84,0.4,14972.43
BFS,100,25,5,100,69.97,5305.11,114.12,0.51,210.67
DFS,100,25,5,100,4067.57,5072.57,4501.55,0.63,12189.56
BFS,100,50,5,100,72.13,5270.93,115.99,0.5,215.63
DFS,100,50,5,100,3437.81,5155.58,3946.9,0.7,10292.48
BFS,100,75,5,100,82.83,5218.7,109.64,0.45,247.34
DFS,100,75,5,100,2441.17,4757.31,2856.89,0.66,7316.23
BFS,100,100,5,100,2082.39,4533.31,10.51,0.37,6242.41
DFS,100,100,5,100,2082.39,4864.77,2618.13,0.72,6242.41
BFS,200,0,5,100,130.02,19339.8,216.11,1.72,387.21
DFS,200,0,5,100,18325.56,18353.7,18326.56,1.68,54999.13
BFS,200,25,5,100,130.98,19307.95,222.94,1.74,391.75
DFS,200,25,5,100,15366.38,18914.16,17048.84,2.17,46110.32
BFS,200,50,5,100,134.78,19254.71,226.13,1.99,405.14
DFS,200,50,5,100,12829.02,18078.92,14260.3,2.51,38510.28
BFS,200,75,5,100,150.56,19025.69,216.31,1.93,451.21
DFS,200,75,5,100,9075.06,18945.91,11185.85,2.96,27241.7
BFS,200,100,5,100,7208.62,19183.58,16.37,1.92,21626.65
DFS,200,100,5,100,7208.62,20626.17,9381.73,3.36,21626.65
BFS,500,0,5,100,345.98,126689.04,526.56,11.29,1035.91
DFS,500,0,5,100,113202.2,113254.08,113203.2,10.3,339540.49
BFS,500,25,5,100,347.64,126508.28,543.25,12.02,1041.1
DFS,500,25,5,100,94991.24,116578.27,105652.52,14.11,284937.34
BFS,500,50,5,100,353.92,125571.9,549.27,12.79,1056.41
DFS,500,50,5,100,79181.16,117586.39,92401.26,16.53,237560.53
BFS,500,75,5,100,387.3,123953.23,519.59,13.27,1161.18
DFS,500,75,5,100,55058.94,134967.92,77810.59,22.12,165170.42
BFS,500,100,5,100,38085.66,129773.81,26.49,13.08,114220.34
DFS,500,100,5,100,38085.66,125137.84,47079.83,19.6,114220.34
